{"stats":{"minecraft:dropped":{"odc2:redroses_1234558":1,"minecraft:pink_stained_glass":1,"minecraft:brown_mushroom":6,"odc2:acacia_table":1,"odc2:birch_tanner":1,"odc2:create_oak":1,"minecraft:orange_dye":1,"odc2:cut_magenta_stained_glass":1,"minecraft:oak_pressure_plate":6,"minecraft:warped_fungus":8,"odc2:chaza_shan_22":1,"odc2:jungle_tanner":1,"minecraft:oak_log":1,"minecraft:glow_ink_sac":2,"minecraft:lime_stained_glass":1,"minecraft:decorated_pot":1,"minecraft:orange_tulip":8,"odc2:cut_gray_stained_glass":1,"odc2:cut_light_blue_stained_glass_pane":1,"minecraft:leather":12,"minecraft:honeycomb":3,"minecraft:red_wool":2,"odc2:cut_purple_stained_glass":1,"odc2:cut_light_blue_stained_glass":1,"minecraft:red_mushroom":3,"minecraft:item_frame":1,"odc2:cut_lime_stained_glass_pane":1,"minecraft:cracked_polished_blackstone_bricks":3,"minecraft:packed_mud":5,"odc2:birch_table":2,"odc2:cherry_chair":1,"odc2:small_peony_pot":11,"odc2:dark_oak_chair":1,"minecraft:stone_button":1,"minecraft:cornflower":4,"odc2:warped_blackstone_bricks":4,"odc2:bare_bones_oak":1,"odc2:cut_light_gray_stained_glass_pane":1,"odc2:angel_bee":2,"minecraft:jungle_sapling":1,"minecraft:chain":1,"minecraft:bone_meal":1,"minecraft:copper_bulb":1,"minecraft:polished_blackstone_bricks":2,"odc2:crimson_wall_shelf":1,"minecraft:black_concrete":4,"odc2:oak_wall_shelf":1,"minecraft:dark_oak_planks":1,"minecraft:black_stained_glass":1,"minecraft:white_wool":3,"minecraft:gravel":1,"minecraft:dark_oak_door":1,"minecraft:note_block":1,"minecraft:white_tulip":3,"minecraft:crimson_fungus":4,"minecraft:magenta_stained_glass":1,"odc2:alone":1,"odc2:cracked_warped_blackstone_bricks":4,"minecraft:oak_planks":2,"odc2:spruce_chair":1,"odc2:spruce_wall_shelf":1,"odc2:cut_green_stained_glass":1,"minecraft:azure_bluet":6,"odc2:halloween_oak":2,"odc2:cherry_wall_shelf":1,"minecraft:warped_planks":1,"minecraft:blue_stained_glass":1,"odc2:mangrove_chair":1,"minecraft:poppy":5,"minecraft:sea_lantern":1,"minecraft:deepslate_tiles":10,"odc2:steve_oak":3,"odc2:cherry_table":2,"odc2:dark_oak_table":1,"odc2:cracked_crimson_blackstone_bricks":3,"minecraft:acacia_sapling":1,"minecraft:azalea":1,"odc2:warped_wall_shelf":2,"odc2:cut_cyan_stained_glass":1,"minecraft:spruce_slab":2,"odc2:mangrove_tanner":1,"odc2:stacked_cake":1,"minecraft:campfire":4,"minecraft:chain_command_block":1,"odc2:oak_tanner":1,"odc2:cut_green_stained_glass_pane":1,"minecraft:green_stained_glass":1,"odc2:bushy_grass":5,"minecraft:water_bucket":1,"minecraft:torchflower":5,"odc2:golden_trapdoor":2,"minecraft:stripped_spruce_log":1,"odc2:steve":1,"minecraft:cyan_stained_glass":1,"minecraft:mangrove_leaves":5,"minecraft:cobbled_deepslate_stairs":1,"odc2:cut_pink_stained_glass_pane":1,"odc2:acacia_chair":1,"minecraft:bookshelf":2,"minecraft:oak_hanging_sign":2,"odc2:continued_oak":2,"minecraft:mangrove_propagule":1,"minecraft:barrier":28,"odc2:crimson_blackstone_bricks":2,"minecraft:observer":1,"minecraft:command_block":5,"minecraft:deepslate_tile_slab":3,"minecraft:spruce_stairs":1,"minecraft:grass_block":2,"odc2:cut_black_stained_glass_pane":1,"odc2:hanging_flower_pot":6,"odc2:dark_oak_tanner":1,"minecraft:stick":1,"minecraft:oxeye_daisy":5,"odc2:cut_purple_stained_glass_pane":1,"odc2:jungle_chair":1,"minecraft:pearlescent_froglight":1,"minecraft:sculk":1,"odc2:mr_crayfish":3,"odc2:netherrack_bricks":1,"minecraft:iron_trapdoor":4,"minecraft:light_blue_stained_glass":1,"odc2:oak_chair":1,"minecraft:wooden_axe":4,"odc2:double_stacked_cake":1,"odc2:sculk_jaw":655,"minecraft:dead_bush":5,"odc2:warped_bookshelf":3,"minecraft:wither_rose":4,"minecraft:red_dye":1,"odc2:cut_blue_stained_glass_pane":2,"minecraft:cactus":7,"minecraft:smooth_stone":2,"minecraft:dandelion":5,"minecraft:polished_deepslate":5,"minecraft:redstone":1,"odc2:cut_cyan_stained_glass_pane":1,"odc2:york_mouse":2,"minecraft:moss_carpet":1,"odc2:cut_white_stained_glass":1,"odc2:cut_brown_stained_glass_pane":1,"odc2:spruce_table":2,"odc2:sculk_grass":2,"minecraft:jukebox":1,"odc2:santa_oak":2,"odc2:cut_pink_stained_glass":1,"minecraft:bamboo_mosaic":1,"minecraft:comparator":1,"minecraft:debug_stick":4,"minecraft:oak_sign":1,"odc2:birch_chair":1,"minecraft:spruce_fence":2,"odc2:cut_magenta_stained_glass_pane":1,"minecraft:purple_stained_glass":1,"minecraft:lily_of_the_valley":5,"minecraft:stone":14,"odc2:small_peony":11,"minecraft:flower_pot":10,"minecraft:allium":4,"odc2:cherry_tanner":1,"minecraft:spruce_trapdoor":4,"minecraft:spruce_planks":8,"minecraft:cake":2,"minecraft:wooden_shovel":1,"odc2:acacia_tanner":2,"minecraft:redstone_torch":2,"odc2:pillager_oak":1,"minecraft:bamboo":1,"minecraft:spruce_log":4,"minecraft:blue_orchid":4,"minecraft:red_tulip":5,"odc2:cracked_netherrack_bricks":1,"odc2:cut_blue_stained_glass":1},"minecraft:used":{"minecraft:peony":1,"minecraft:moss_block":17,"minecraft:orange_dye":5,"odc2:birch_table":7,"minecraft:moss_carpet":20,"odc2:cherry_bookshelf":1,"minecraft:polished_deepslate":84,"minecraft:spruce_slab":15,"minecraft:oak_sign":7,"odc2:cut_light_blue_stained_glass":3,"odc2:granite_rock":13,"minecraft:decorated_pot":2,"odc2:cut_blue_stained_glass":1,"odc2:chess_board":2,"minecraft:stone":186,"odc2:cut_light_gray_stained_glass_pane":7,"minecraft:debug_stick":237,"odc2:bamboo_bookshelf":1,"odc2:cherry_chair":1,"minecraft:blue_stained_glass":1,"odc2:cherry_wall_shelf":1,"minecraft:jungle_planks":1,"minecraft:deepslate_tile_slab":14,"odc2:spruce_wall_shelf":10,"odc2:cut_light_blue_stained_glass_pane":2,"odc2:jungle_table":2,"minecraft:music_disc_13":2,"minecraft:music_disc_creator_music_box":2,"minecraft:stripped_spruce_log":41,"minecraft:music_disc_relic":2,"minecraft:glass":3,"odc2:spruce_table":13,"minecraft:honeycomb":6,"odc2:crimson_wall_shelf":6,"odc2:create_oak":2,"minecraft:music_disc_pigstep":2,"odc2:cut_brown_stained_glass_pane":2,"minecraft:red_wool":15,"minecraft:grass_block":34,"minecraft:packed_mud":183,"minecraft:green_wool":154,"odc2:spruce_bookshelf":1,"odc2:cut_white_stained_glass":28,"odc2:oak_tanner":2,"minecraft:item_frame":23,"odc2:cut_red_stained_glass":1,"odc2:cut_cyan_stained_glass_pane":1,"odc2:jungle_bookshelf":1,"odc2:steve":2,"odc2:deepslate_rock":15,"minecraft:sweet_berries":5,"odc2:dark_oak_bookshelf":8,"odc2:diorite_rock":4,"odc2:york_mouse":2,"odc2:small_peony_pot":3,"odc2:jungle_tanner":2,"minecraft:gold_block":2,"minecraft:pearlescent_froglight":6,"minecraft:mangrove_leaves":924,"minecraft:dark_oak_stairs":9,"odc2:cut_blue_stained_glass_pane":2,"minecraft:diorite":4,"minecraft:bamboo_mosaic":1,"odc2:jungle_wall_shelf":1,"minecraft:red_stained_glass":2,"minecraft:mangrove_planks":1,"odc2:mr_crayfish":2,"minecraft:oak_planks":73,"odc2:tall_dead_bush":1,"minecraft:redstone_block":6,"odc2:alone":12,"odc2:mangrove_bookshelf":18,"minecraft:white_wool":149,"minecraft:note_block":3,"odc2:crimson_blackstone_bricks":4,"odc2:mangrove_table":2,"minecraft:cobbled_deepslate_stairs":99,"odc2:oak_chair":45,"minecraft:sticky_piston":1,"odc2:angel_bee":3,"minecraft:deepslate_tiles":445,"odc2:cut_yellow_stained_glass":1,"minecraft:redstone_torch":4,"minecraft:lever":8,"minecraft:daylight_detector":3,"odc2:acacia_table":3,"minecraft:black_concrete":52,"odc2:cracked_crimson_blackstone_bricks":6,"odc2:spruce_chair":5,"odc2:cut_glass":3,"minecraft:barrier":245,"minecraft:brown_stained_glass":2,"minecraft:stone_button":1,"odc2:bare_bones_oak":2,"minecraft:oak_pressure_plate":22,"minecraft:deepslate":10,"minecraft:gravel":15,"odc2:mangrove_tanner":2,"minecraft:blackstone_slab":8,"odc2:crimson_table":5,"odc2:cut_gray_stained_glass":13,"odc2:oak_wall_shelf":3,"minecraft:smithing_table":14,"odc2:crimson_bookshelf":19,"minecraft:white_stained_glass":3,"minecraft:chain":2,"minecraft:pink_stained_glass":1,"odc2:cut_pink_stained_glass":1,"minecraft:oak_hanging_sign":6,"odc2:stacked_cake":9,"minecraft:bone_meal":3,"minecraft:waxed_copper_bulb":2,"minecraft:experience_bottle":12,"minecraft:gray_stained_glass":2,"minecraft:oak_fence":20,"minecraft:oak_trapdoor":1,"odc2:cut_red_stained_glass_pane":1,"odc2:cracked_netherrack_bricks":57,"odc2:acacia_tanner":10,"minecraft:enchanting_table":1,"minecraft:music_disc_creator":1,"minecraft:music_disc_otherside":2,"odc2:birch_chair":1,"odc2:cut_black_stained_glass_pane":3,"minecraft:redstone":2,"minecraft:spruce_planks":175,"minecraft:sculk":38,"minecraft:wooden_shovel":9,"odc2:golden_trapdoor":46,"odc2:cherry_table":8,"minecraft:orange_stained_glass":2,"odc2:cut_magenta_stained_glass_pane":1,"odc2:cut_green_stained_glass_pane":1,"minecraft:light_blue_dye":2,"odc2:cut_orange_stained_glass":1,"odc2:dark_oak_wall_shelf":1,"minecraft:spruce_stairs":73,"odc2:cherry_tanner":3,"odc2:double_stacked_cake":7,"odc2:jungle_chair":1,"minecraft:spruce_fence":10,"minecraft:granite":4,"odc2:cut_purple_stained_glass_pane":1,"minecraft:light_blue_stained_glass":1,"odc2:hanging_flower_pot":59,"odc2:acacia_bookshelf":1,"minecraft:dark_oak_planks":30,"odc2:bushy_grass":17,"minecraft:sea_lantern":2,"odc2:cracked_warped_blackstone_bricks":5,"odc2:cut_purple_stained_glass":1,"minecraft:light_gray_stained_glass":2,"minecraft:bookshelf":44,"minecraft:yellow_stained_glass":2,"odc2:acacia_chair":1,"odc2:cut_green_stained_glass":1,"minecraft:iron_block":2,"odc2:santa_oak":2,"odc2:warped_blackstone_bricks":9,"minecraft:cherry_trapdoor":1,"odc2:warped_wall_shelf":5,"odc2:steve_oak":4,"odc2:cut_yellow_stained_glass_pane":1,"odc2:halloween_oak":2,"odc2:cut_brown_stained_glass":1,"minecraft:crimson_planks":1,"minecraft:barrel":3,"odc2:calcite_rock":4,"odc2:stone_rock":65,"odc2:birch_bookshelf":1,"odc2:cut_glass_pane":1,"minecraft:black_stained_glass":2,"minecraft:iron_trapdoor":48,"minecraft:lime_stained_glass":1,"minecraft:white_stained_glass_pane":6,"odc2:redroses_1234558":1,"odc2:cattail":4,"odc2:cut_lime_stained_glass":2,"minecraft:cobbled_deepslate":1,"minecraft:red_dye":3,"minecraft:acacia_planks":1,"minecraft:observer":77,"odc2:acacia_wall_shelf":1,"minecraft:calcite":4,"odc2:cut_gray_stained_glass_pane":1,"odc2:birch_wall_shelf":1,"minecraft:water_bucket":11,"odc2:small_peony":4,"minecraft:chiseled_bookshelf":14,"minecraft:birch_planks":1,"odc2:cut_orange_stained_glass_pane":1,"odc2:chaza_shan_22":3,"odc2:cut_magenta_stained_glass":1,"odc2:dark_oak_table":5,"minecraft:cherry_planks":2,"odc2:dark_oak_chair":1,"minecraft:magenta_stained_glass":1,"minecraft:fletching_table":10,"minecraft:glow_ink_sac":7,"minecraft:polished_blackstone_bricks":3,"odc2:cut_pink_stained_glass_pane":2,"odc2:cut_white_stained_glass_pane":2,"odc2:badland_standoff":9,"odc2:cut_lime_stained_glass_pane":2,"minecraft:music_disc_cat":3,"minecraft:comparator":6,"odc2:cut_cyan_stained_glass":1,"minecraft:green_dye":3,"odc2:birch_tanner":3,"minecraft:campfire":16,"minecraft:painting":113,"minecraft:spruce_log":80,"minecraft:book":28,"minecraft:cake":13,"minecraft:warped_planks":1,"odc2:mangrove_chair":1,"minecraft:dark_oak_door":2,"minecraft:cyan_stained_glass":1,"minecraft:purple_stained_glass":1,"minecraft:oak_log":23,"minecraft:piston":3,"minecraft:flower_pot":18,"odc2:mangrove_wall_shelf":3,"minecraft:command_block":12,"minecraft:cracked_polished_blackstone_bricks":4,"odc2:pillager_oak":2,"minecraft:oak_button":9,"odc2:cut_black_stained_glass":1,"odc2:netherrack_bricks":40,"minecraft:spruce_trapdoor":95,"minecraft:music_disc_blocks":5,"minecraft:music_disc_precipice":1,"minecraft:copper_bulb":4,"odc2:cut_light_gray_stained_glass":1,"odc2:sculk_grass":53,"odc2:dark_oak_tanner":2,"odc2:em_144":13,"minecraft:chain_command_block":1,"odc2:warped_bookshelf":13,"odc2:warped_table":3,"odc2:continued_oak":2,"odc2:sculk_jaw":35,"minecraft:smooth_stone":49,"minecraft:jukebox":5,"minecraft:green_stained_glass":1},"minecraft:mined":{"odc2:hanging_flower_pot":5},"minecraft:picked_up":{"minecraft:iron_trapdoor":1,"minecraft:flower_pot":9,"minecraft:wither_rose":5,"odc2:cut_pink_stained_glass":1,"minecraft:oak_hanging_sign":1,"minecraft:deepslate_tiles":1,"minecraft:comparator":2,"odc2:steve_oak":1,"minecraft:white_tulip":5,"odc2:sculk_grass":1,"minecraft:stick":1,"minecraft:music_disc_blocks":3,"odc2:sculk_jaw":78,"minecraft:cyan_stained_glass":1,"odc2:cut_white_stained_glass":1,"minecraft:music_disc_pigstep":1,"minecraft:warped_planks":1,"minecraft:blue_stained_glass":1,"odc2:cut_purple_stained_glass":1,"minecraft:red_tulip":5,"odc2:alone":3,"minecraft:bookshelf":1,"odc2:cut_blue_stained_glass_pane":1,"odc2:cut_lime_stained_glass_pane":1,"minecraft:barrier":2,"odc2:cut_green_stained_glass_pane":1,"odc2:small_peony":5,"minecraft:purple_stained_glass":1,"minecraft:orange_tulip":10,"minecraft:pink_stained_glass":1,"odc2:cut_cyan_stained_glass_pane":1,"minecraft:debug_stick":1,"odc2:badland_standoff":5,"odc2:cut_pink_stained_glass_pane":1,"odc2:santa_oak":1,"minecraft:oak_pressure_plate":5,"odc2:em_144":3,"minecraft:dead_bush":5,"minecraft:lily_of_the_valley":5,"minecraft:allium":5,"minecraft:azure_bluet":5,"minecraft:brown_mushroom":5,"odc2:cut_cyan_stained_glass":1,"minecraft:cornflower":5,"minecraft:moss_carpet":1,"odc2:cut_purple_stained_glass_pane":1,"minecraft:blue_orchid":5,"minecraft:poppy":6,"minecraft:black_stained_glass":1,"odc2:cut_magenta_stained_glass":1,"odc2:cut_light_blue_stained_glass_pane":1,"odc2:cut_green_stained_glass":1,"odc2:warped_bookshelf":1,"odc2:cut_magenta_stained_glass_pane":1,"minecraft:lime_stained_glass":1,"minecraft:oxeye_daisy":5,"minecraft:leather":54,"minecraft:red_mushroom":5,"odc2:cut_blue_stained_glass":1,"minecraft:torchflower":5,"minecraft:crimson_fungus":5,"odc2:cut_light_blue_stained_glass":1,"odc2:small_peony_pot":9,"minecraft:magenta_stained_glass":1,"minecraft:warped_fungus":5,"minecraft:sculk":1,"minecraft:dandelion":5,"minecraft:green_stained_glass":1,"minecraft:light_blue_stained_glass":1,"odc2:halloween_oak":1,"minecraft:bamboo_mosaic":1,"odc2:hanging_flower_pot":6,"minecraft:oak_button":3},"minecraft:custom":{"minecraft:open_barrel":27,"minecraft:eat_cake_slice":1,"minecraft:leave_game":75,"minecraft:time_since_death":23599,"minecraft:sprint_one_cm":618848,"minecraft:drop":413,"minecraft:play_time":384769,"minecraft:deaths":2,"minecraft:jump":1730,"minecraft:walk_on_water_one_cm":327,"minecraft:play_record":15,"minecraft:crouch_one_cm":17381,"minecraft:interact_with_smithing_table":2,"minecraft:walk_one_cm":888694,"minecraft:sneak_time":9747,"minecraft:total_world_time":435206,"minecraft:tune_noteblock":51,"minecraft:pot_flower":40,"minecraft:time_since_rest":23628,"minecraft:damage_taken":1930,"minecraft:fly_one_cm":1468310,"minecraft:fall_one_cm":10935}},"DataVersion":3955}